,movie,year,imdb,metascore,votes,n_imdb
0,Harry Potter and the Deathly Hallows: Part 2,2011,8.1,85,755671,81.0
1,Untouchable,2011,8.5,57,749716,85.0
2,Thor,2011,7.0,57,740266,70.0
3,Captain America: The First Avenger,2011,6.9,66,733079,69.0
4,X: First Class,2011,7.7,65,642219,77.0
5,Drive,2011,7.8,78,566355,78.0
6,Limitless,2011,7.4,59,523890,74.0
7,Rise of the Planet of the Apes,2011,7.6,68,493742,76.0
8,Source Code,2011,7.5,74,481575,75.0
9,Pirates of the Caribbean: On Stranger Tides,2011,6.6,45,477766,66.0
10,"Crazy, Stupid, Love.",2011,7.4,68,468556,74.0
11,The Hangover Part II,2011,6.5,44,460979,65.0
12,Mission: Impossible - Ghost Protocol,2011,7.4,73,454474,74.0
13,Warrior,2011,8.2,71,432721,82.0
14,The Help,2011,8.0,62,424654,80.0
15,Horrible Bosses,2011,6.9,57,419618,69.0
16,Sherlock Holmes: A Game of Shadows,2011,7.5,48,418178,75.0
17,The Girl with the Dragon Tattoo,2011,7.8,71,417667,78.0
18,Midnight in Paris,2011,7.7,81,385083,77.0
19,Transformers: Dark of the Moon,2011,6.2,42,382742,62.0
20,The Cabin in the Woods,2011,7.0,72,374195,70.0
21,In Time,2011,6.7,53,367687,67.0
22,Moneyball,2011,7.6,87,364928,76.0
23,Fast & Furious 5,2011,7.3,66,350360,73.0
24,Friends with Benefits,2011,6.5,63,337895,65.0
25,Super 8,2011,7.0,72,337074,70.0
26,50/50,2011,7.6,72,314131,76.0
27,Hugo,2011,7.5,83,302919,75.0
28,Real Steel,2011,7.1,56,296679,71.0
29,Contagion,2011,6.7,70,278975,67.0
30,Bridesmaids,2011,6.8,75,266212,68.0
31,Green Lantern,2011,5.5,39,265406,55.0
32,Kung Fu Panda 2,2011,7.2,67,251272,72.0
33,Unknown,2011,6.8,56,246654,68.0
34,The Adjustment Bureau,2011,7.0,60,242780,70.0
35,The Grey,2011,6.8,64,239373,68.0
36,Rango,2011,7.2,75,234450,72.0
37,Paul,2011,7.0,57,233765,70.0
38,The Descendants,2011,7.3,84,231697,73.0
39,The Artist,2011,7.9,89,229370,79.0
40,Sucker Punch,2011,6.0,33,228985,60.0
41,I Am Number Four,2011,6.1,36,226565,61.0
42,The Twilight Saga: Breaking Dawn - Part 1,2011,4.9,45,222524,49.0
43,Just Go with It,2011,6.4,33,219836,64.0
44,A Separation,2011,8.3,95,217690,83.0
45,Harry Potter and the Deathly Hallows: Part 2,2011,8.1,85,755671,81.0
46,Untouchable,2011,8.5,57,749716,85.0
47,Thor,2011,7.0,57,740266,70.0
48,Captain America: The First Avenger,2011,6.9,66,733079,69.0
49,X: First Class,2011,7.7,65,642219,77.0
50,Drive,2011,7.8,78,566355,78.0
51,Limitless,2011,7.4,59,523890,74.0
52,Rise of the Planet of the Apes,2011,7.6,68,493742,76.0
53,Source Code,2011,7.5,74,481575,75.0
54,Pirates of the Caribbean: On Stranger Tides,2011,6.6,45,477766,66.0
55,"Crazy, Stupid, Love.",2011,7.4,68,468556,74.0
56,The Hangover Part II,2011,6.5,44,460979,65.0
57,Mission: Impossible - Ghost Protocol,2011,7.4,73,454474,74.0
58,Warrior,2011,8.2,71,432721,82.0
59,The Help,2011,8.0,62,424654,80.0
60,Horrible Bosses,2011,6.9,57,419618,69.0
61,Sherlock Holmes: A Game of Shadows,2011,7.5,48,418178,75.0
62,The Girl with the Dragon Tattoo,2011,7.8,71,417667,78.0
63,Midnight in Paris,2011,7.7,81,385083,77.0
64,Transformers: Dark of the Moon,2011,6.2,42,382742,62.0
65,The Cabin in the Woods,2011,7.0,72,374195,70.0
66,In Time,2011,6.7,53,367687,67.0
67,Moneyball,2011,7.6,87,364928,76.0
68,Fast & Furious 5,2011,7.3,66,350360,73.0
69,Friends with Benefits,2011,6.5,63,337895,65.0
70,Super 8,2011,7.0,72,337074,70.0
71,50/50,2011,7.6,72,314131,76.0
72,Hugo,2011,7.5,83,302919,75.0
73,Real Steel,2011,7.1,56,296679,71.0
74,Contagion,2011,6.7,70,278975,67.0
75,Bridesmaids,2011,6.8,75,266212,68.0
76,Green Lantern,2011,5.5,39,265406,55.0
77,Kung Fu Panda 2,2011,7.2,67,251272,72.0
78,Unknown,2011,6.8,56,246654,68.0
79,The Adjustment Bureau,2011,7.0,60,242780,70.0
80,The Grey,2011,6.8,64,239373,68.0
81,Rango,2011,7.2,75,234450,72.0
82,Paul,2011,7.0,57,233765,70.0
83,The Descendants,2011,7.3,84,231697,73.0
84,The Artist,2011,7.9,89,229370,79.0
85,Sucker Punch,2011,6.0,33,228985,60.0
86,I Am Number Four,2011,6.1,36,226565,61.0
87,The Twilight Saga: Breaking Dawn - Part 1,2011,4.9,45,222524,49.0
88,Just Go with It,2011,6.4,33,219836,64.0
89,A Separation,2011,8.3,95,217690,83.0
90,Harry Potter and the Deathly Hallows: Part 2,2011,8.1,85,755671,81.0
91,Untouchable,2011,8.5,57,749716,85.0
92,Thor,2011,7.0,57,740266,70.0
93,Captain America: The First Avenger,2011,6.9,66,733079,69.0
94,X: First Class,2011,7.7,65,642219,77.0
95,Drive,2011,7.8,78,566355,78.0
96,Limitless,2011,7.4,59,523890,74.0
97,Rise of the Planet of the Apes,2011,7.6,68,493742,76.0
98,Source Code,2011,7.5,74,481575,75.0
99,Pirates of the Caribbean: On Stranger Tides,2011,6.6,45,477766,66.0
100,"Crazy, Stupid, Love.",2011,7.4,68,468556,74.0
101,The Hangover Part II,2011,6.5,44,460979,65.0
102,Mission: Impossible - Ghost Protocol,2011,7.4,73,454474,74.0
103,Warrior,2011,8.2,71,432721,82.0
104,The Help,2011,8.0,62,424654,80.0
105,Horrible Bosses,2011,6.9,57,419618,69.0
106,Sherlock Holmes: A Game of Shadows,2011,7.5,48,418178,75.0
107,The Girl with the Dragon Tattoo,2011,7.8,71,417667,78.0
108,Midnight in Paris,2011,7.7,81,385083,77.0
109,Transformers: Dark of the Moon,2011,6.2,42,382742,62.0
110,The Cabin in the Woods,2011,7.0,72,374195,70.0
111,In Time,2011,6.7,53,367687,67.0
112,Moneyball,2011,7.6,87,364928,76.0
113,Fast & Furious 5,2011,7.3,66,350360,73.0
114,Friends with Benefits,2011,6.5,63,337895,65.0
115,Super 8,2011,7.0,72,337074,70.0
116,50/50,2011,7.6,72,314131,76.0
117,Hugo,2011,7.5,83,302919,75.0
118,Real Steel,2011,7.1,56,296679,71.0
119,Contagion,2011,6.7,70,278975,67.0
120,Bridesmaids,2011,6.8,75,266212,68.0
121,Green Lantern,2011,5.5,39,265406,55.0
122,Kung Fu Panda 2,2011,7.2,67,251272,72.0
123,Unknown,2011,6.8,56,246654,68.0
124,The Adjustment Bureau,2011,7.0,60,242780,70.0
125,The Grey,2011,6.8,64,239373,68.0
126,Rango,2011,7.2,75,234450,72.0
127,Paul,2011,7.0,57,233765,70.0
128,The Descendants,2011,7.3,84,231697,73.0
129,The Artist,2011,7.9,89,229370,79.0
130,Sucker Punch,2011,6.0,33,228985,60.0
131,I Am Number Four,2011,6.1,36,226565,61.0
132,The Twilight Saga: Breaking Dawn - Part 1,2011,4.9,45,222524,49.0
133,Just Go with It,2011,6.4,33,219836,64.0
134,A Separation,2011,8.3,95,217690,83.0
135,Harry Potter and the Deathly Hallows: Part 2,2011,8.1,85,755671,81.0
136,Untouchable,2011,8.5,57,749716,85.0
137,Thor,2011,7.0,57,740266,70.0
138,Captain America: The First Avenger,2011,6.9,66,733079,69.0
139,X: First Class,2011,7.7,65,642219,77.0
140,Drive,2011,7.8,78,566355,78.0
141,Limitless,2011,7.4,59,523890,74.0
142,Rise of the Planet of the Apes,2011,7.6,68,493742,76.0
143,Source Code,2011,7.5,74,481575,75.0
144,Pirates of the Caribbean: On Stranger Tides,2011,6.6,45,477766,66.0
145,"Crazy, Stupid, Love.",2011,7.4,68,468556,74.0
146,The Hangover Part II,2011,6.5,44,460979,65.0
147,Mission: Impossible - Ghost Protocol,2011,7.4,73,454474,74.0
148,Warrior,2011,8.2,71,432721,82.0
149,The Help,2011,8.0,62,424654,80.0
150,Horrible Bosses,2011,6.9,57,419618,69.0
151,Sherlock Holmes: A Game of Shadows,2011,7.5,48,418178,75.0
152,The Girl with the Dragon Tattoo,2011,7.8,71,417667,78.0
153,Midnight in Paris,2011,7.7,81,385083,77.0
154,Transformers: Dark of the Moon,2011,6.2,42,382742,62.0
155,The Cabin in the Woods,2011,7.0,72,374195,70.0
156,In Time,2011,6.7,53,367687,67.0
157,Moneyball,2011,7.6,87,364928,76.0
158,Fast & Furious 5,2011,7.3,66,350360,73.0
159,Friends with Benefits,2011,6.5,63,337895,65.0
160,Super 8,2011,7.0,72,337074,70.0
161,50/50,2011,7.6,72,314131,76.0
162,Hugo,2011,7.5,83,302919,75.0
163,Real Steel,2011,7.1,56,296679,71.0
164,Contagion,2011,6.7,70,278975,67.0
165,Bridesmaids,2011,6.8,75,266212,68.0
166,Green Lantern,2011,5.5,39,265406,55.0
167,Kung Fu Panda 2,2011,7.2,67,251272,72.0
168,Unknown,2011,6.8,56,246654,68.0
169,The Adjustment Bureau,2011,7.0,60,242780,70.0
170,The Grey,2011,6.8,64,239373,68.0
171,Rango,2011,7.2,75,234450,72.0
172,Paul,2011,7.0,57,233765,70.0
173,The Descendants,2011,7.3,84,231697,73.0
174,The Artist,2011,7.9,89,229370,79.0
175,Sucker Punch,2011,6.0,33,228985,60.0
176,I Am Number Four,2011,6.1,36,226565,61.0
177,The Twilight Saga: Breaking Dawn - Part 1,2011,4.9,45,222524,49.0
178,Just Go with It,2011,6.4,33,219836,64.0
179,A Separation,2011,8.3,95,217690,83.0
180,The Dark Knight Rises,2012,8.4,78,1502412,84.0
181,Django Unchained,2012,8.4,81,1341563,84.0
182,Avengers Assemble,2012,8.0,69,1252545,80.0
183,The Hunger Games,2012,7.2,68,839572,72.0
184,The Hobbit: An Unexpected Journey,2012,7.8,58,752125,78.0
185,Silver Linings Playbook,2012,7.7,81,657209,77.0
186,Skyfall,2012,7.7,81,626556,77.0
187,Life of Pi,2012,7.9,79,576423,79.0
188,Argo,2012,7.7,86,568700,77.0
189,Ted,2012,6.9,62,566896,69.0
190,Prometheus,2012,7.0,64,565743,70.0
191,The Amazing Spider-Man,2012,6.9,66,555237,69.0
192,Looper,2012,7.4,84,531416,74.0
193,21 Jump Street,2012,7.2,69,507406,72.0
194,The Perks of Being a Wallflower,2012,8.0,67,458058,80.0
195,Wreck-It Ralph,2012,7.7,72,376562,77.0
196,Brave,2012,7.1,69,369362,71.0
197,Cloud Atlas,2012,7.4,55,343098,74.0
198,Men in Black 3,2012,6.8,58,333250,68.0
199,Flight,2012,7.3,76,323443,73.0
200,Moonrise Kingdom,2012,7.8,84,316073,78.0
201,Les Misérables,2012,7.6,63,306599,76.0
202,Jack Reacher,2012,7.0,50,306055,70.0
203,The Expendables 2,2012,6.6,51,290706,66.0
204,Taken 2,2012,6.3,45,288003,63.0
205,The Bourne Legacy,2012,6.6,61,283431,66.0
206,The Hunt,2012,8.3,77,276273,83.0
207,The Dictator,2012,6.4,58,276034,64.0
208,Pitch Perfect,2012,7.1,66,274944,71.0
209,Snow White and the Huntsman,2012,6.1,57,271876,61.0
210,Zero Dark Thirty,2012,7.4,95,269788,74.0
211,John Carter,2012,6.6,51,253637,66.0
212,Dredd,2012,7.1,60,249185,71.0
213,Dark Shadows,2012,6.2,55,246035,62.0
214,The Place Beyond the Pines,2012,7.3,68,244400,73.0
215,Lincoln,2012,7.3,86,243009,73.0
216,Seven Psychopaths,2012,7.2,66,239598,72.0
217,Total Recall,2012,6.3,43,239192,63.0
218,Chronicle,2012,7.0,69,238802,70.0
219,Battleship,2012,5.8,41,235266,58.0
220,The Twilight Saga: Breaking Dawn - Part 2,2012,5.5,52,229962,55.0
221,End of Watch,2012,7.6,68,226663,76.0
222,Lawless,2012,7.3,58,226649,73.0
223,Hotel Transylvania,2012,7.1,47,222534,71.0
224,Sinister,2012,6.8,53,220059,68.0
225,Safe House,2012,6.7,52,204773,67.0
226,American Reunion,2012,6.7,49,201973,67.0
227,The Impossible,2012,7.6,73,198561,76.0
228,Ice Age: Continental Drift,2012,6.6,49,190179,66.0
229,The Dark Knight Rises,2012,8.4,78,1502412,84.0
230,Django Unchained,2012,8.4,81,1341563,84.0
231,Avengers Assemble,2012,8.0,69,1252545,80.0
232,The Hunger Games,2012,7.2,68,839572,72.0
233,The Hobbit: An Unexpected Journey,2012,7.8,58,752125,78.0
234,Silver Linings Playbook,2012,7.7,81,657209,77.0
235,Skyfall,2012,7.7,81,626556,77.0
236,Life of Pi,2012,7.9,79,576423,79.0
237,Argo,2012,7.7,86,568700,77.0
238,Ted,2012,6.9,62,566896,69.0
239,Prometheus,2012,7.0,64,565743,70.0
240,The Amazing Spider-Man,2012,6.9,66,555237,69.0
241,Looper,2012,7.4,84,531416,74.0
242,21 Jump Street,2012,7.2,69,507406,72.0
243,The Perks of Being a Wallflower,2012,8.0,67,458058,80.0
244,Wreck-It Ralph,2012,7.7,72,376562,77.0
245,Brave,2012,7.1,69,369362,71.0
246,Cloud Atlas,2012,7.4,55,343098,74.0
247,Men in Black 3,2012,6.8,58,333250,68.0
248,Flight,2012,7.3,76,323443,73.0
249,Moonrise Kingdom,2012,7.8,84,316073,78.0
250,Les Misérables,2012,7.6,63,306599,76.0
251,Jack Reacher,2012,7.0,50,306055,70.0
252,The Expendables 2,2012,6.6,51,290706,66.0
253,Taken 2,2012,6.3,45,288003,63.0
254,The Bourne Legacy,2012,6.6,61,283431,66.0
255,The Hunt,2012,8.3,77,276273,83.0
256,The Dictator,2012,6.4,58,276034,64.0
257,Pitch Perfect,2012,7.1,66,274944,71.0
258,Snow White and the Huntsman,2012,6.1,57,271876,61.0
259,Zero Dark Thirty,2012,7.4,95,269788,74.0
260,John Carter,2012,6.6,51,253637,66.0
261,Dredd,2012,7.1,60,249185,71.0
262,Dark Shadows,2012,6.2,55,246035,62.0
263,The Place Beyond the Pines,2012,7.3,68,244400,73.0
264,Lincoln,2012,7.3,86,243009,73.0
265,Seven Psychopaths,2012,7.2,66,239598,72.0
266,Total Recall,2012,6.3,43,239192,63.0
267,Chronicle,2012,7.0,69,238802,70.0
268,Battleship,2012,5.8,41,235266,58.0
269,The Twilight Saga: Breaking Dawn - Part 2,2012,5.5,52,229962,55.0
270,End of Watch,2012,7.6,68,226663,76.0
271,Lawless,2012,7.3,58,226649,73.0
272,Hotel Transylvania,2012,7.1,47,222534,71.0
273,Sinister,2012,6.8,53,220059,68.0
274,Safe House,2012,6.7,52,204773,67.0
275,American Reunion,2012,6.7,49,201973,67.0
276,The Impossible,2012,7.6,73,198561,76.0
277,Ice Age: Continental Drift,2012,6.6,49,190179,66.0
278,The Dark Knight Rises,2012,8.4,78,1502412,84.0
279,Django Unchained,2012,8.4,81,1341563,84.0
280,Avengers Assemble,2012,8.0,69,1252545,80.0
281,The Hunger Games,2012,7.2,68,839572,72.0
282,The Hobbit: An Unexpected Journey,2012,7.8,58,752125,78.0
283,Silver Linings Playbook,2012,7.7,81,657209,77.0
284,Skyfall,2012,7.7,81,626556,77.0
285,Life of Pi,2012,7.9,79,576423,79.0
286,Argo,2012,7.7,86,568700,77.0
287,Ted,2012,6.9,62,566896,69.0
288,Prometheus,2012,7.0,64,565743,70.0
289,The Amazing Spider-Man,2012,6.9,66,555237,69.0
290,Looper,2012,7.4,84,531416,74.0
291,21 Jump Street,2012,7.2,69,507406,72.0
292,The Perks of Being a Wallflower,2012,8.0,67,458058,80.0
293,Wreck-It Ralph,2012,7.7,72,376562,77.0
294,Brave,2012,7.1,69,369362,71.0
295,Cloud Atlas,2012,7.4,55,343098,74.0
296,Men in Black 3,2012,6.8,58,333250,68.0
297,Flight,2012,7.3,76,323443,73.0
298,Moonrise Kingdom,2012,7.8,84,316073,78.0
299,Les Misérables,2012,7.6,63,306599,76.0
300,Jack Reacher,2012,7.0,50,306055,70.0
301,The Expendables 2,2012,6.6,51,290706,66.0
302,Taken 2,2012,6.3,45,288003,63.0
303,The Bourne Legacy,2012,6.6,61,283431,66.0
304,The Hunt,2012,8.3,77,276273,83.0
305,The Dictator,2012,6.4,58,276034,64.0
306,Pitch Perfect,2012,7.1,66,274944,71.0
307,Snow White and the Huntsman,2012,6.1,57,271876,61.0
308,Zero Dark Thirty,2012,7.4,95,269788,74.0
309,John Carter,2012,6.6,51,253637,66.0
310,Dredd,2012,7.1,60,249185,71.0
311,Dark Shadows,2012,6.2,55,246035,62.0
312,The Place Beyond the Pines,2012,7.3,68,244400,73.0
313,Lincoln,2012,7.3,86,243009,73.0
314,Seven Psychopaths,2012,7.2,66,239598,72.0
315,Total Recall,2012,6.3,43,239192,63.0
316,Chronicle,2012,7.0,69,238802,70.0
317,Battleship,2012,5.8,41,235266,58.0
318,The Twilight Saga: Breaking Dawn - Part 2,2012,5.5,52,229962,55.0
319,End of Watch,2012,7.6,68,226663,76.0
320,Lawless,2012,7.3,58,226649,73.0
321,Hotel Transylvania,2012,7.1,47,222534,71.0
322,Sinister,2012,6.8,53,220059,68.0
323,Safe House,2012,6.7,52,204773,67.0
324,American Reunion,2012,6.7,49,201973,67.0
325,The Impossible,2012,7.6,73,198561,76.0
326,Ice Age: Continental Drift,2012,6.6,49,190179,66.0
327,The Dark Knight Rises,2012,8.4,78,1502412,84.0
328,Django Unchained,2012,8.4,81,1341563,84.0
329,Avengers Assemble,2012,8.0,69,1252545,80.0
330,The Hunger Games,2012,7.2,68,839572,72.0
331,The Hobbit: An Unexpected Journey,2012,7.8,58,752125,78.0
332,Silver Linings Playbook,2012,7.7,81,657209,77.0
333,Skyfall,2012,7.7,81,626556,77.0
334,Life of Pi,2012,7.9,79,576423,79.0
335,Argo,2012,7.7,86,568700,77.0
336,Ted,2012,6.9,62,566896,69.0
337,Prometheus,2012,7.0,64,565743,70.0
338,The Amazing Spider-Man,2012,6.9,66,555237,69.0
339,Looper,2012,7.4,84,531416,74.0
340,21 Jump Street,2012,7.2,69,507406,72.0
341,The Perks of Being a Wallflower,2012,8.0,67,458058,80.0
342,Wreck-It Ralph,2012,7.7,72,376562,77.0
343,Brave,2012,7.1,69,369362,71.0
344,Cloud Atlas,2012,7.4,55,343098,74.0
345,Men in Black 3,2012,6.8,58,333250,68.0
346,Flight,2012,7.3,76,323443,73.0
347,Moonrise Kingdom,2012,7.8,84,316073,78.0
348,Les Misérables,2012,7.6,63,306599,76.0
349,Jack Reacher,2012,7.0,50,306055,70.0
350,The Expendables 2,2012,6.6,51,290706,66.0
351,Taken 2,2012,6.3,45,288003,63.0
352,The Bourne Legacy,2012,6.6,61,283431,66.0
353,The Hunt,2012,8.3,77,276273,83.0
354,The Dictator,2012,6.4,58,276034,64.0
355,Pitch Perfect,2012,7.1,66,274944,71.0
356,Snow White and the Huntsman,2012,6.1,57,271876,61.0
357,Zero Dark Thirty,2012,7.4,95,269788,74.0
358,John Carter,2012,6.6,51,253637,66.0
359,Dredd,2012,7.1,60,249185,71.0
360,Dark Shadows,2012,6.2,55,246035,62.0
361,The Place Beyond the Pines,2012,7.3,68,244400,73.0
362,Lincoln,2012,7.3,86,243009,73.0
363,Seven Psychopaths,2012,7.2,66,239598,72.0
364,Total Recall,2012,6.3,43,239192,63.0
365,Chronicle,2012,7.0,69,238802,70.0
366,Battleship,2012,5.8,41,235266,58.0
367,The Twilight Saga: Breaking Dawn - Part 2,2012,5.5,52,229962,55.0
368,End of Watch,2012,7.6,68,226663,76.0
369,Lawless,2012,7.3,58,226649,73.0
370,Hotel Transylvania,2012,7.1,47,222534,71.0
371,Sinister,2012,6.8,53,220059,68.0
372,Safe House,2012,6.7,52,204773,67.0
373,American Reunion,2012,6.7,49,201973,67.0
374,The Impossible,2012,7.6,73,198561,76.0
375,Ice Age: Continental Drift,2012,6.6,49,190179,66.0
376,The Wolf of Wall Street,2013,8.2,75,1166483,82.0
377,Gravity,2013,7.7,96,763798,77.0
378,Iron Man Three,2013,7.2,62,748752,72.0
379,Man of Steel,2013,7.0,55,685439,70.0
380,12 Years a Slave,2013,8.1,96,634093,81.0
381,The Hunger Games: Catching Fire,2013,7.5,76,609835,75.0
382,World War Z,2013,7.0,63,597259,70.0
383,The Hobbit: The Desolation of Smaug,2013,7.8,66,596552,78.0
384,Prisoners,2013,8.1,70,593071,81.0
385,Now You See Me,2013,7.3,50,592003,73.0
386,Thor: The Dark World,2013,6.9,54,589946,69.0
387,Frozen,2013,7.4,75,567591,74.0
388,Her,2013,8.0,90,534399,80.0
389,Oblivion,2013,7.0,54,482922,70.0
390,The Great Gatsby,2013,7.2,55,473494,72.0
391,Pacific Rim,2013,6.9,65,463255,69.0
392,Star Trek into Darkness,2013,7.7,72,461267,77.0
393,American Hustle,2013,7.2,90,445501,72.0
394,The Conjuring,2013,7.5,68,438561,75.0
395,Dallas Buyers Club,2013,8.0,80,436880,80.0
396,Rush,2013,8.1,74,429091,81.0
397,The Wolverine,2013,6.7,61,426855,67.0
398,Captain Phillips,2013,7.8,82,417303,78.0
399,Elysium,2013,6.6,61,417132,66.0
400,We're the Millers,2013,7.0,44,401023,70.0
401,This Is the End,2013,6.6,67,381693,66.0
402,Despicable Me 2,2013,7.3,62,367135,73.0
403,Furious 6,2013,7.1,61,366271,71.0
404,Monsters University,2013,7.3,65,318880,73.0
405,Snowpiercer,2013,7.1,84,314613,71.0
406,About Time,2013,7.8,55,297464,78.0
407,The Secret Life of Walter Mitty,2013,7.3,54,291537,73.0
408,The Hangover Part III,2013,5.8,30,291324,58.0
409,Lone Survivor,2013,7.5,60,264441,75.0
410,The World's End,2013,7.0,81,258058,70.0
411,Olympus Has Fallen,2013,6.5,41,255353,65.0
412,Kick-Ass 2,2013,6.5,41,253407,65.0
413,Don Jon,2013,6.5,66,227656,65.0
414,Escape Plan,2013,6.7,49,225887,67.0
415,Ender's Game,2013,6.6,51,222178,66.0
416,The Lone Ranger,2013,6.4,37,220109,64.0
417,Warm Bodies,2013,6.8,60,218327,68.0
418,Gangster Squad,2013,6.7,40,205577,67.0
419,The Wolf of Wall Street,2013,8.2,75,1166483,82.0
420,Gravity,2013,7.7,96,763798,77.0
421,Iron Man Three,2013,7.2,62,748752,72.0
422,Man of Steel,2013,7.0,55,685439,70.0
423,12 Years a Slave,2013,8.1,96,634093,81.0
424,The Hunger Games: Catching Fire,2013,7.5,76,609835,75.0
425,World War Z,2013,7.0,63,597259,70.0
426,The Hobbit: The Desolation of Smaug,2013,7.8,66,596552,78.0
427,Prisoners,2013,8.1,70,593071,81.0
428,Now You See Me,2013,7.3,50,592003,73.0
429,Thor: The Dark World,2013,6.9,54,589946,69.0
430,Frozen,2013,7.4,75,567591,74.0
431,Her,2013,8.0,90,534399,80.0
432,Oblivion,2013,7.0,54,482922,70.0
433,The Great Gatsby,2013,7.2,55,473494,72.0
434,Pacific Rim,2013,6.9,65,463255,69.0
435,Star Trek into Darkness,2013,7.7,72,461267,77.0
436,American Hustle,2013,7.2,90,445501,72.0
437,The Conjuring,2013,7.5,68,438561,75.0
438,Dallas Buyers Club,2013,8.0,80,436880,80.0
439,Rush,2013,8.1,74,429091,81.0
440,The Wolverine,2013,6.7,61,426855,67.0
441,Captain Phillips,2013,7.8,82,417303,78.0
442,Elysium,2013,6.6,61,417132,66.0
443,We're the Millers,2013,7.0,44,401023,70.0
444,This Is the End,2013,6.6,67,381693,66.0
445,Despicable Me 2,2013,7.3,62,367135,73.0
446,Furious 6,2013,7.1,61,366271,71.0
447,Monsters University,2013,7.3,65,318880,73.0
448,Snowpiercer,2013,7.1,84,314613,71.0
449,About Time,2013,7.8,55,297464,78.0
450,The Secret Life of Walter Mitty,2013,7.3,54,291537,73.0
451,The Hangover Part III,2013,5.8,30,291324,58.0
452,Lone Survivor,2013,7.5,60,264441,75.0
453,The World's End,2013,7.0,81,258058,70.0
454,Olympus Has Fallen,2013,6.5,41,255353,65.0
455,Kick-Ass 2,2013,6.5,41,253407,65.0
456,Don Jon,2013,6.5,66,227656,65.0
457,Escape Plan,2013,6.7,49,225887,67.0
458,Ender's Game,2013,6.6,51,222178,66.0
459,The Lone Ranger,2013,6.4,37,220109,64.0
460,Warm Bodies,2013,6.8,60,218327,68.0
461,Gangster Squad,2013,6.7,40,205577,67.0
462,The Wolf of Wall Street,2013,8.2,75,1166483,82.0
463,Gravity,2013,7.7,96,763798,77.0
464,Iron Man Three,2013,7.2,62,748752,72.0
465,Man of Steel,2013,7.0,55,685439,70.0
466,12 Years a Slave,2013,8.1,96,634093,81.0
467,The Hunger Games: Catching Fire,2013,7.5,76,609835,75.0
468,World War Z,2013,7.0,63,597259,70.0
469,The Hobbit: The Desolation of Smaug,2013,7.8,66,596552,78.0
470,Prisoners,2013,8.1,70,593071,81.0
471,Now You See Me,2013,7.3,50,592003,73.0
472,Thor: The Dark World,2013,6.9,54,589946,69.0
473,Frozen,2013,7.4,75,567591,74.0
474,Her,2013,8.0,90,534399,80.0
475,Oblivion,2013,7.0,54,482922,70.0
476,The Great Gatsby,2013,7.2,55,473494,72.0
477,Pacific Rim,2013,6.9,65,463255,69.0
478,Star Trek into Darkness,2013,7.7,72,461267,77.0
479,American Hustle,2013,7.2,90,445501,72.0
480,The Conjuring,2013,7.5,68,438561,75.0
481,Dallas Buyers Club,2013,8.0,80,436880,80.0
482,Rush,2013,8.1,74,429091,81.0
483,The Wolverine,2013,6.7,61,426855,67.0
484,Captain Phillips,2013,7.8,82,417303,78.0
485,Elysium,2013,6.6,61,417132,66.0
486,We're the Millers,2013,7.0,44,401023,70.0
487,This Is the End,2013,6.6,67,381693,66.0
488,Despicable Me 2,2013,7.3,62,367135,73.0
489,Furious 6,2013,7.1,61,366271,71.0
490,Monsters University,2013,7.3,65,318880,73.0
491,Snowpiercer,2013,7.1,84,314613,71.0
492,About Time,2013,7.8,55,297464,78.0
493,The Secret Life of Walter Mitty,2013,7.3,54,291537,73.0
494,The Hangover Part III,2013,5.8,30,291324,58.0
495,Lone Survivor,2013,7.5,60,264441,75.0
496,The World's End,2013,7.0,81,258058,70.0
497,Olympus Has Fallen,2013,6.5,41,255353,65.0
498,Kick-Ass 2,2013,6.5,41,253407,65.0
499,Don Jon,2013,6.5,66,227656,65.0
500,Escape Plan,2013,6.7,49,225887,67.0
501,Ender's Game,2013,6.6,51,222178,66.0
502,The Lone Ranger,2013,6.4,37,220109,64.0
503,Warm Bodies,2013,6.8,60,218327,68.0
504,Gangster Squad,2013,6.7,40,205577,67.0
505,The Wolf of Wall Street,2013,8.2,75,1166483,82.0
506,Gravity,2013,7.7,96,763798,77.0
507,Iron Man Three,2013,7.2,62,748752,72.0
508,Man of Steel,2013,7.0,55,685439,70.0
509,12 Years a Slave,2013,8.1,96,634093,81.0
510,The Hunger Games: Catching Fire,2013,7.5,76,609835,75.0
511,World War Z,2013,7.0,63,597259,70.0
512,The Hobbit: The Desolation of Smaug,2013,7.8,66,596552,78.0
513,Prisoners,2013,8.1,70,593071,81.0
514,Now You See Me,2013,7.3,50,592003,73.0
515,Thor: The Dark World,2013,6.9,54,589946,69.0
516,Frozen,2013,7.4,75,567591,74.0
517,Her,2013,8.0,90,534399,80.0
518,Oblivion,2013,7.0,54,482922,70.0
519,The Great Gatsby,2013,7.2,55,473494,72.0
520,Pacific Rim,2013,6.9,65,463255,69.0
521,Star Trek into Darkness,2013,7.7,72,461267,77.0
522,American Hustle,2013,7.2,90,445501,72.0
523,The Conjuring,2013,7.5,68,438561,75.0
524,Dallas Buyers Club,2013,8.0,80,436880,80.0
525,Rush,2013,8.1,74,429091,81.0
526,The Wolverine,2013,6.7,61,426855,67.0
527,Captain Phillips,2013,7.8,82,417303,78.0
528,Elysium,2013,6.6,61,417132,66.0
529,We're the Millers,2013,7.0,44,401023,70.0
530,This Is the End,2013,6.6,67,381693,66.0
531,Despicable Me 2,2013,7.3,62,367135,73.0
532,Furious 6,2013,7.1,61,366271,71.0
533,Monsters University,2013,7.3,65,318880,73.0
534,Snowpiercer,2013,7.1,84,314613,71.0
535,About Time,2013,7.8,55,297464,78.0
536,The Secret Life of Walter Mitty,2013,7.3,54,291537,73.0
537,The Hangover Part III,2013,5.8,30,291324,58.0
538,Lone Survivor,2013,7.5,60,264441,75.0
539,The World's End,2013,7.0,81,258058,70.0
540,Olympus Has Fallen,2013,6.5,41,255353,65.0
541,Kick-Ass 2,2013,6.5,41,253407,65.0
542,Don Jon,2013,6.5,66,227656,65.0
543,Escape Plan,2013,6.7,49,225887,67.0
544,Ender's Game,2013,6.6,51,222178,66.0
545,The Lone Ranger,2013,6.4,37,220109,64.0
546,Warm Bodies,2013,6.8,60,218327,68.0
547,Gangster Squad,2013,6.7,40,205577,67.0
548,Interstellar,2014,8.6,74,1487726,86.0
549,Guardians of the Galaxy,2014,8.0,76,1035006,80.0
550,Gone Girl,2014,8.1,79,849426,81.0
551,Captain America: The Winter Soldier,2014,7.7,70,728921,77.0
552,Whiplash,2014,8.5,88,706598,85.0
553,The Grand Budapest Hotel,2014,8.1,88,699136,81.0
554,The Imitation Game,2014,8.0,73,678186,80.0
555,X-Men: Days of Future Past,2014,7.9,75,656130,79.0
556,Edge of Tomorrow,2014,7.9,71,594692,79.0
557,Kingsman: The Secret Service,2014,7.7,60,586100,77.0
558,Birdman or (The Unexpected Virtue of Ignorance),2014,7.7,87,574953,77.0
559,John Wick,2014,7.4,68,531227,74.0
560,The Hobbit: The Battle of the Five Armies,2014,7.4,59,469854,74.0
561,Ex Machina,2014,7.7,78,469635,77.0
562,Nightcrawler,2014,7.9,76,459243,79.0
563,Lucy,2014,6.4,61,442211,64.0
564,American Sniper,2014,7.3,72,435779,73.0
565,Divergent,2014,6.6,48,423165,66.0
566,Fury,2014,7.6,64,421746,76.0
567,The Maze Runner,2014,6.8,57,413944,68.0
568,The Amazing Spider-Man 2,2014,6.6,53,413869,66.0
569,The Hunger Games: Mockingjay - Part 1,2014,6.6,64,410492,66.0
570,Dawn of the Planet of the Apes,2014,7.6,79,409736,76.0
571,Big Hero 6,2014,7.8,74,406834,78.0
572,The Theory of Everything,2014,7.7,72,399469,77.0
573,Godzilla,2014,6.4,62,372684,64.0
574,22 Jump Street,2014,7.0,71,343291,70.0
575,Maleficent,2014,7.0,56,341818,70.0
576,The Fault in our Stars,2014,7.7,69,341592,77.0
577,Boyhood,2014,7.9,100,333680,79.0
578,The Equalizer,2014,7.2,57,330336,72.0
579,The Lego Movie,2014,7.7,83,322220,77.0
580,The Interview,2014,6.5,52,304720,65.0
581,How to Train Your Dragon 2,2014,7.8,76,302620,78.0
582,Transformers: Age of Extinction,2014,5.6,32,296755,56.0
583,Bad Neighbours,2014,6.3,68,284821,63.0
584,300: Rise of an Empire,2014,6.2,48,279325,62.0
585,Predestination,2014,7.5,69,250069,75.0
586,Non-Stop,2014,6.9,56,248757,69.0
587,Noah,2014,5.7,68,241976,57.0
588,Transcendence,2014,6.3,42,215763,63.0
589,RoboCop,2014,6.1,52,215204,61.0
590,It Follows,2014,6.8,83,208464,68.0
591,Teenage Mutant Ninja Turtles,2014,5.8,31,200044,58.0
592,The Babadook,2014,6.8,86,194967,68.0
593,Interstellar,2014,8.6,74,1487726,86.0
594,Guardians of the Galaxy,2014,8.0,76,1035006,80.0
595,Gone Girl,2014,8.1,79,849426,81.0
596,Captain America: The Winter Soldier,2014,7.7,70,728921,77.0
597,Whiplash,2014,8.5,88,706598,85.0
598,The Grand Budapest Hotel,2014,8.1,88,699136,81.0
599,The Imitation Game,2014,8.0,73,678186,80.0
600,X-Men: Days of Future Past,2014,7.9,75,656130,79.0
601,Edge of Tomorrow,2014,7.9,71,594692,79.0
602,Kingsman: The Secret Service,2014,7.7,60,586100,77.0
603,Birdman or (The Unexpected Virtue of Ignorance),2014,7.7,87,574953,77.0
604,John Wick,2014,7.4,68,531227,74.0
605,The Hobbit: The Battle of the Five Armies,2014,7.4,59,469854,74.0
606,Ex Machina,2014,7.7,78,469635,77.0
607,Nightcrawler,2014,7.9,76,459243,79.0
608,Lucy,2014,6.4,61,442211,64.0
609,American Sniper,2014,7.3,72,435779,73.0
610,Divergent,2014,6.6,48,423165,66.0
611,Fury,2014,7.6,64,421746,76.0
612,The Maze Runner,2014,6.8,57,413944,68.0
613,The Amazing Spider-Man 2,2014,6.6,53,413869,66.0
614,The Hunger Games: Mockingjay - Part 1,2014,6.6,64,410492,66.0
615,Dawn of the Planet of the Apes,2014,7.6,79,409736,76.0
616,Big Hero 6,2014,7.8,74,406834,78.0
617,The Theory of Everything,2014,7.7,72,399469,77.0
618,Godzilla,2014,6.4,62,372684,64.0
619,22 Jump Street,2014,7.0,71,343291,70.0
620,Maleficent,2014,7.0,56,341818,70.0
621,The Fault in our Stars,2014,7.7,69,341592,77.0
622,Boyhood,2014,7.9,100,333680,79.0
623,The Equalizer,2014,7.2,57,330336,72.0
624,The Lego Movie,2014,7.7,83,322220,77.0
625,The Interview,2014,6.5,52,304720,65.0
626,How to Train Your Dragon 2,2014,7.8,76,302620,78.0
627,Transformers: Age of Extinction,2014,5.6,32,296755,56.0
628,Bad Neighbours,2014,6.3,68,284821,63.0
629,300: Rise of an Empire,2014,6.2,48,279325,62.0
630,Predestination,2014,7.5,69,250069,75.0
631,Non-Stop,2014,6.9,56,248757,69.0
632,Noah,2014,5.7,68,241976,57.0
633,Transcendence,2014,6.3,42,215763,63.0
634,RoboCop,2014,6.1,52,215204,61.0
635,It Follows,2014,6.8,83,208464,68.0
636,Teenage Mutant Ninja Turtles,2014,5.8,31,200044,58.0
637,The Babadook,2014,6.8,86,194967,68.0
638,Interstellar,2014,8.6,74,1487726,86.0
639,Guardians of the Galaxy,2014,8.0,76,1035006,80.0
640,Gone Girl,2014,8.1,79,849426,81.0
641,Captain America: The Winter Soldier,2014,7.7,70,728921,77.0
642,Whiplash,2014,8.5,88,706598,85.0
643,The Grand Budapest Hotel,2014,8.1,88,699136,81.0
644,The Imitation Game,2014,8.0,73,678186,80.0
645,X-Men: Days of Future Past,2014,7.9,75,656130,79.0
646,Edge of Tomorrow,2014,7.9,71,594692,79.0
647,Kingsman: The Secret Service,2014,7.7,60,586100,77.0
648,Birdman or (The Unexpected Virtue of Ignorance),2014,7.7,87,574953,77.0
649,John Wick,2014,7.4,68,531227,74.0
650,The Hobbit: The Battle of the Five Armies,2014,7.4,59,469854,74.0
651,Ex Machina,2014,7.7,78,469635,77.0
652,Nightcrawler,2014,7.9,76,459243,79.0
653,Lucy,2014,6.4,61,442211,64.0
654,American Sniper,2014,7.3,72,435779,73.0
655,Divergent,2014,6.6,48,423165,66.0
656,Fury,2014,7.6,64,421746,76.0
657,The Maze Runner,2014,6.8,57,413944,68.0
658,The Amazing Spider-Man 2,2014,6.6,53,413869,66.0
659,The Hunger Games: Mockingjay - Part 1,2014,6.6,64,410492,66.0
660,Dawn of the Planet of the Apes,2014,7.6,79,409736,76.0
661,Big Hero 6,2014,7.8,74,406834,78.0
662,The Theory of Everything,2014,7.7,72,399469,77.0
663,Godzilla,2014,6.4,62,372684,64.0
664,22 Jump Street,2014,7.0,71,343291,70.0
665,Maleficent,2014,7.0,56,341818,70.0
666,The Fault in our Stars,2014,7.7,69,341592,77.0
667,Boyhood,2014,7.9,100,333680,79.0
668,The Equalizer,2014,7.2,57,330336,72.0
669,The Lego Movie,2014,7.7,83,322220,77.0
670,The Interview,2014,6.5,52,304720,65.0
671,How to Train Your Dragon 2,2014,7.8,76,302620,78.0
672,Transformers: Age of Extinction,2014,5.6,32,296755,56.0
673,Bad Neighbours,2014,6.3,68,284821,63.0
674,300: Rise of an Empire,2014,6.2,48,279325,62.0
675,Predestination,2014,7.5,69,250069,75.0
676,Non-Stop,2014,6.9,56,248757,69.0
677,Noah,2014,5.7,68,241976,57.0
678,Transcendence,2014,6.3,42,215763,63.0
679,RoboCop,2014,6.1,52,215204,61.0
680,It Follows,2014,6.8,83,208464,68.0
681,Teenage Mutant Ninja Turtles,2014,5.8,31,200044,58.0
682,The Babadook,2014,6.8,86,194967,68.0
683,Interstellar,2014,8.6,74,1487726,86.0
684,Guardians of the Galaxy,2014,8.0,76,1035006,80.0
685,Gone Girl,2014,8.1,79,849426,81.0
686,Captain America: The Winter Soldier,2014,7.7,70,728921,77.0
687,Whiplash,2014,8.5,88,706598,85.0
688,The Grand Budapest Hotel,2014,8.1,88,699136,81.0
689,The Imitation Game,2014,8.0,73,678186,80.0
690,X-Men: Days of Future Past,2014,7.9,75,656130,79.0
691,Edge of Tomorrow,2014,7.9,71,594692,79.0
692,Kingsman: The Secret Service,2014,7.7,60,586100,77.0
693,Birdman or (The Unexpected Virtue of Ignorance),2014,7.7,87,574953,77.0
694,John Wick,2014,7.4,68,531227,74.0
695,The Hobbit: The Battle of the Five Armies,2014,7.4,59,469854,74.0
696,Ex Machina,2014,7.7,78,469635,77.0
697,Nightcrawler,2014,7.9,76,459243,79.0
698,Lucy,2014,6.4,61,442211,64.0
699,American Sniper,2014,7.3,72,435779,73.0
700,Divergent,2014,6.6,48,423165,66.0
701,Fury,2014,7.6,64,421746,76.0
702,The Maze Runner,2014,6.8,57,413944,68.0
703,The Amazing Spider-Man 2,2014,6.6,53,413869,66.0
704,The Hunger Games: Mockingjay - Part 1,2014,6.6,64,410492,66.0
705,Dawn of the Planet of the Apes,2014,7.6,79,409736,76.0
706,Big Hero 6,2014,7.8,74,406834,78.0
707,The Theory of Everything,2014,7.7,72,399469,77.0
708,Godzilla,2014,6.4,62,372684,64.0
709,22 Jump Street,2014,7.0,71,343291,70.0
710,Maleficent,2014,7.0,56,341818,70.0
711,The Fault in our Stars,2014,7.7,69,341592,77.0
712,Boyhood,2014,7.9,100,333680,79.0
713,The Equalizer,2014,7.2,57,330336,72.0
714,The Lego Movie,2014,7.7,83,322220,77.0
715,The Interview,2014,6.5,52,304720,65.0
716,How to Train Your Dragon 2,2014,7.8,76,302620,78.0
717,Transformers: Age of Extinction,2014,5.6,32,296755,56.0
718,Bad Neighbours,2014,6.3,68,284821,63.0
719,300: Rise of an Empire,2014,6.2,48,279325,62.0
720,Predestination,2014,7.5,69,250069,75.0
721,Non-Stop,2014,6.9,56,248757,69.0
722,Noah,2014,5.7,68,241976,57.0
723,Transcendence,2014,6.3,42,215763,63.0
724,RoboCop,2014,6.1,52,215204,61.0
725,It Follows,2014,6.8,83,208464,68.0
726,Teenage Mutant Ninja Turtles,2014,5.8,31,200044,58.0
727,The Babadook,2014,6.8,86,194967,68.0
728,Mad Max: Fury Road,2015,8.1,90,871900,81.0
729,Star Wars: Episode VII - The Force Awakens,2015,7.9,80,853673,79.0
730,The Martian,2015,8.0,80,752332,80.0
731,Avengers: Age of Ultron,2015,7.3,66,733287,73.0
732,The Revenant,2015,8.0,76,696861,80.0
733,Inside Out,2015,8.1,94,604805,81.0
734,Jurassic World,2015,7.0,59,575399,70.0
735,Ant-Man,2015,7.3,64,563293,73.0
736,The Hateful Eight,2015,7.8,68,509379,78.0
737,Spotlight,2015,8.1,93,415033,81.0
738,Spectre,2015,6.8,60,381503,68.0
739,Sicario,2015,7.6,82,367130,76.0
740,Room,2015,8.1,86,365734,81.0
741,Fast & Furious 7,2015,7.1,67,357005,71.0
742,The Big Short,2015,7.8,81,356921,78.0
743,Mission: Impossible - Rogue Nation,2015,7.4,75,339235,74.0
744,Fifty Shades of Grey,2015,4.1,46,296006,41.0
745,Bridge of Spies,2015,7.6,81,284980,76.0
746,The Hunger Games: Mockingjay - Part 2,2015,6.6,65,283402,66.0
747,The Man from U.N.C.L.E.,2015,7.3,56,271142,73.0
748,Terminator Genisys,2015,6.3,38,257908,63.0
749,Creed,2015,7.6,82,245297,76.0
750,Chappie,2015,6.8,41,228377,68.0
751,Spy,2015,7.0,75,228316,70.0
752,Maze Runner: The Scorch Trials,2015,6.3,43,219578,63.0
753,The Intern,2015,7.1,51,217588,71.0
754,Focus,2015,6.6,56,216083,66.0
755,Insurgent,2015,6.2,42,216077,62.0
756,Southpaw,2015,7.4,57,215907,74.0
757,The Lobster,2015,7.2,82,215848,72.0
758,San Andreas,2015,6.1,43,210740,61.0
759,Minions,2015,6.4,56,210471,64.0
760,The Witch,2015,6.9,83,197054,69.0
761,Everest,2015,7.1,64,195390,71.0
762,Ted 2,2015,6.3,48,183148,63.0
763,Straight Outta Compton,2015,7.8,72,178017,78.0
764,Jupiter Ascending,2015,5.3,40,177970,53.0
765,Tomorrowland: A World Beyond,2015,6.4,60,171058,64.0
766,Black Mass,2015,6.9,68,166871,69.0
767,The Danish Girl,2015,7.1,66,162371,71.0
768,Cinderella,2015,6.9,67,158888,69.0
769,Legend,2015,6.9,55,156838,69.0
770,The Age of Adaline,2015,7.2,51,153070,72.0
771,Steve Jobs,2015,7.2,82,152968,72.0
772,Fantastic Four,2015,4.3,27,151193,43.0
773,Mad Max: Fury Road,2015,8.1,90,871900,81.0
774,Star Wars: Episode VII - The Force Awakens,2015,7.9,80,853673,79.0
775,The Martian,2015,8.0,80,752332,80.0
776,Avengers: Age of Ultron,2015,7.3,66,733287,73.0
777,The Revenant,2015,8.0,76,696861,80.0
778,Inside Out,2015,8.1,94,604805,81.0
779,Jurassic World,2015,7.0,59,575399,70.0
780,Ant-Man,2015,7.3,64,563293,73.0
781,The Hateful Eight,2015,7.8,68,509379,78.0
782,Spotlight,2015,8.1,93,415033,81.0
783,Spectre,2015,6.8,60,381503,68.0
784,Sicario,2015,7.6,82,367130,76.0
785,Room,2015,8.1,86,365734,81.0
786,Fast & Furious 7,2015,7.1,67,357005,71.0
787,The Big Short,2015,7.8,81,356921,78.0
788,Mission: Impossible - Rogue Nation,2015,7.4,75,339235,74.0
789,Fifty Shades of Grey,2015,4.1,46,296006,41.0
790,Bridge of Spies,2015,7.6,81,284980,76.0
791,The Hunger Games: Mockingjay - Part 2,2015,6.6,65,283402,66.0
792,The Man from U.N.C.L.E.,2015,7.3,56,271142,73.0
793,Terminator Genisys,2015,6.3,38,257908,63.0
794,Creed,2015,7.6,82,245297,76.0
795,Chappie,2015,6.8,41,228377,68.0
796,Spy,2015,7.0,75,228316,70.0
797,Maze Runner: The Scorch Trials,2015,6.3,43,219578,63.0
798,The Intern,2015,7.1,51,217588,71.0
799,Focus,2015,6.6,56,216083,66.0
800,Insurgent,2015,6.2,42,216077,62.0
801,Southpaw,2015,7.4,57,215907,74.0
802,The Lobster,2015,7.2,82,215848,72.0
803,San Andreas,2015,6.1,43,210740,61.0
804,Minions,2015,6.4,56,210471,64.0
805,The Witch,2015,6.9,83,197054,69.0
806,Everest,2015,7.1,64,195390,71.0
807,Ted 2,2015,6.3,48,183148,63.0
808,Straight Outta Compton,2015,7.8,72,178017,78.0
809,Jupiter Ascending,2015,5.3,40,177970,53.0
810,Tomorrowland: A World Beyond,2015,6.4,60,171058,64.0
811,Black Mass,2015,6.9,68,166871,69.0
812,The Danish Girl,2015,7.1,66,162371,71.0
813,Cinderella,2015,6.9,67,158888,69.0
814,Legend,2015,6.9,55,156838,69.0
815,The Age of Adaline,2015,7.2,51,153070,72.0
816,Steve Jobs,2015,7.2,82,152968,72.0
817,Fantastic Four,2015,4.3,27,151193,43.0
818,Mad Max: Fury Road,2015,8.1,90,871900,81.0
819,Star Wars: Episode VII - The Force Awakens,2015,7.9,80,853673,79.0
820,The Martian,2015,8.0,80,752332,80.0
821,Avengers: Age of Ultron,2015,7.3,66,733287,73.0
822,The Revenant,2015,8.0,76,696861,80.0
823,Inside Out,2015,8.1,94,604805,81.0
824,Jurassic World,2015,7.0,59,575399,70.0
825,Ant-Man,2015,7.3,64,563293,73.0
826,The Hateful Eight,2015,7.8,68,509379,78.0
827,Spotlight,2015,8.1,93,415033,81.0
828,Spectre,2015,6.8,60,381503,68.0
829,Sicario,2015,7.6,82,367130,76.0
830,Room,2015,8.1,86,365734,81.0
831,Fast & Furious 7,2015,7.1,67,357005,71.0
832,The Big Short,2015,7.8,81,356921,78.0
833,Mission: Impossible - Rogue Nation,2015,7.4,75,339235,74.0
834,Fifty Shades of Grey,2015,4.1,46,296006,41.0
835,Bridge of Spies,2015,7.6,81,284980,76.0
836,The Hunger Games: Mockingjay - Part 2,2015,6.6,65,283402,66.0
837,The Man from U.N.C.L.E.,2015,7.3,56,271142,73.0
838,Terminator Genisys,2015,6.3,38,257908,63.0
839,Creed,2015,7.6,82,245297,76.0
840,Chappie,2015,6.8,41,228377,68.0
841,Spy,2015,7.0,75,228316,70.0
842,Maze Runner: The Scorch Trials,2015,6.3,43,219578,63.0
843,The Intern,2015,7.1,51,217588,71.0
844,Focus,2015,6.6,56,216083,66.0
845,Insurgent,2015,6.2,42,216077,62.0
846,Southpaw,2015,7.4,57,215907,74.0
847,The Lobster,2015,7.2,82,215848,72.0
848,San Andreas,2015,6.1,43,210740,61.0
849,Minions,2015,6.4,56,210471,64.0
850,The Witch,2015,6.9,83,197054,69.0
851,Everest,2015,7.1,64,195390,71.0
852,Ted 2,2015,6.3,48,183148,63.0
853,Straight Outta Compton,2015,7.8,72,178017,78.0
854,Jupiter Ascending,2015,5.3,40,177970,53.0
855,Tomorrowland: A World Beyond,2015,6.4,60,171058,64.0
856,Black Mass,2015,6.9,68,166871,69.0
857,The Danish Girl,2015,7.1,66,162371,71.0
858,Cinderella,2015,6.9,67,158888,69.0
859,Legend,2015,6.9,55,156838,69.0
860,The Age of Adaline,2015,7.2,51,153070,72.0
861,Steve Jobs,2015,7.2,82,152968,72.0
862,Fantastic Four,2015,4.3,27,151193,43.0
863,Mad Max: Fury Road,2015,8.1,90,871900,81.0
864,Star Wars: Episode VII - The Force Awakens,2015,7.9,80,853673,79.0
865,The Martian,2015,8.0,80,752332,80.0
866,Avengers: Age of Ultron,2015,7.3,66,733287,73.0
867,The Revenant,2015,8.0,76,696861,80.0
868,Inside Out,2015,8.1,94,604805,81.0
869,Jurassic World,2015,7.0,59,575399,70.0
870,Ant-Man,2015,7.3,64,563293,73.0
871,The Hateful Eight,2015,7.8,68,509379,78.0
872,Spotlight,2015,8.1,93,415033,81.0
873,Spectre,2015,6.8,60,381503,68.0
874,Sicario,2015,7.6,82,367130,76.0
875,Room,2015,8.1,86,365734,81.0
876,Fast & Furious 7,2015,7.1,67,357005,71.0
877,The Big Short,2015,7.8,81,356921,78.0
878,Mission: Impossible - Rogue Nation,2015,7.4,75,339235,74.0
879,Fifty Shades of Grey,2015,4.1,46,296006,41.0
880,Bridge of Spies,2015,7.6,81,284980,76.0
881,The Hunger Games: Mockingjay - Part 2,2015,6.6,65,283402,66.0
882,The Man from U.N.C.L.E.,2015,7.3,56,271142,73.0
883,Terminator Genisys,2015,6.3,38,257908,63.0
884,Creed,2015,7.6,82,245297,76.0
885,Chappie,2015,6.8,41,228377,68.0
886,Spy,2015,7.0,75,228316,70.0
887,Maze Runner: The Scorch Trials,2015,6.3,43,219578,63.0
888,The Intern,2015,7.1,51,217588,71.0
889,Focus,2015,6.6,56,216083,66.0
890,Insurgent,2015,6.2,42,216077,62.0
891,Southpaw,2015,7.4,57,215907,74.0
892,The Lobster,2015,7.2,82,215848,72.0
893,San Andreas,2015,6.1,43,210740,61.0
894,Minions,2015,6.4,56,210471,64.0
895,The Witch,2015,6.9,83,197054,69.0
896,Everest,2015,7.1,64,195390,71.0
897,Ted 2,2015,6.3,48,183148,63.0
898,Straight Outta Compton,2015,7.8,72,178017,78.0
899,Jupiter Ascending,2015,5.3,40,177970,53.0
900,Tomorrowland: A World Beyond,2015,6.4,60,171058,64.0
901,Black Mass,2015,6.9,68,166871,69.0
902,The Danish Girl,2015,7.1,66,162371,71.0
903,Cinderella,2015,6.9,67,158888,69.0
904,Legend,2015,6.9,55,156838,69.0
905,The Age of Adaline,2015,7.2,51,153070,72.0
906,Steve Jobs,2015,7.2,82,152968,72.0
907,Fantastic Four,2015,4.3,27,151193,43.0
908,Deadpool,2016,8.0,65,894617,80.0
909,Captain America: Civil War,2016,7.8,75,655629,78.0
910,Batman v Superman: Dawn of Justice,2016,6.4,44,619366,64.0
911,Suicide Squad,2016,6.0,40,594842,60.0
912,Doctor Strange,2016,7.5,72,590133,75.0
913,Arrival,2016,7.9,81,586912,79.0
914,Rogue One,2016,7.8,65,547859,78.0
915,La La Land,2016,8.0,94,498063,80.0
916,Hacksaw Ridge,2016,8.1,71,428874,81.0
917,Zootropolis,2016,8.0,78,428655,80.0
918,Split,2016,7.3,62,417880,73.0
919,Fantastic Beasts and Where to Find Them,2016,7.3,66,406175,73.0
920,X-Men: Apocalypse,2016,6.9,52,389795,69.0
921,Passengers,2016,7.0,41,346130,70.0
922,10 Cloverfield Lane,2016,7.2,76,287852,72.0
923,The Nice Guys,2016,7.4,70,276190,74.0
924,Moonlight,2016,7.4,99,269730,74.0
925,Moana,2016,7.6,81,267826,76.0
926,The Accountant,2016,7.3,51,257699,73.0
927,The Jungle Book,2016,7.4,77,257358,74.0
928,Now You See Me 2,2016,6.5,46,246071,65.0
929,Manchester by the Sea,2016,7.8,96,243654,78.0
930,Warcraft: The Beginning,2016,6.8,32,240270,68.0
931,Finding Dory,2016,7.3,77,237578,73.0
932,Nocturnal Animals,2016,7.5,67,234708,75.0
933,Sully: Miracle on the Hudson,2016,7.4,74,234493,74.0
934,Star Trek Beyond,2016,7.1,68,226069,71.0
935,The Conjuring 2,2016,7.3,65,223127,73.0
936,Don't Breathe,2016,7.1,71,218439,71.0
937,Lion,2016,8.0,69,211111,80.0
938,Jason Bourne,2016,6.6,58,206681,66.0
939,Me Before You,2016,7.4,51,205740,74.0
940,Ghostbusters,2016,6.6,60,202811,66.0
941,Hell or High Water,2016,7.6,88,201861,76.0
942,Hidden Figures,2016,7.8,74,197720,78.0
943,Your Name.,2016,8.4,79,188628,84.0
944,Captain Fantastic,2016,7.9,72,186489,79.0
945,Assassin's Creed,2016,5.7,36,184125,57.0
946,The Magnificent Seven,2016,6.9,54,183670,69.0
947,The Secret Life of Pets,2016,6.5,61,181494,65.0
948,War Dogs,2016,7.1,57,175525,71.0
949,Sausage Party,2016,6.1,66,174350,61.0
950,The Promise,2016,6.0,49,172288,60.0
951,The Girl on the Train,2016,6.5,48,167614,65.0
952,Independence Day: Resurgence,2016,5.2,32,165715,52.0
953,The Legend of Tarzan,2016,6.2,44,162345,62.0
954,Deadpool,2016,8.0,65,894617,80.0
955,Captain America: Civil War,2016,7.8,75,655629,78.0
956,Batman v Superman: Dawn of Justice,2016,6.4,44,619366,64.0
957,Suicide Squad,2016,6.0,40,594842,60.0
958,Doctor Strange,2016,7.5,72,590133,75.0
959,Arrival,2016,7.9,81,586912,79.0
960,Rogue One,2016,7.8,65,547859,78.0
961,La La Land,2016,8.0,94,498063,80.0
962,Hacksaw Ridge,2016,8.1,71,428874,81.0
963,Zootropolis,2016,8.0,78,428655,80.0
964,Split,2016,7.3,62,417880,73.0
965,Fantastic Beasts and Where to Find Them,2016,7.3,66,406175,73.0
966,X-Men: Apocalypse,2016,6.9,52,389795,69.0
967,Passengers,2016,7.0,41,346130,70.0
968,10 Cloverfield Lane,2016,7.2,76,287852,72.0
969,The Nice Guys,2016,7.4,70,276190,74.0
970,Moonlight,2016,7.4,99,269730,74.0
971,Moana,2016,7.6,81,267826,76.0
972,The Accountant,2016,7.3,51,257699,73.0
973,The Jungle Book,2016,7.4,77,257358,74.0
974,Now You See Me 2,2016,6.5,46,246071,65.0
975,Manchester by the Sea,2016,7.8,96,243654,78.0
976,Warcraft: The Beginning,2016,6.8,32,240270,68.0
977,Finding Dory,2016,7.3,77,237578,73.0
978,Nocturnal Animals,2016,7.5,67,234708,75.0
979,Sully: Miracle on the Hudson,2016,7.4,74,234493,74.0
980,Star Trek Beyond,2016,7.1,68,226069,71.0
981,The Conjuring 2,2016,7.3,65,223127,73.0
982,Don't Breathe,2016,7.1,71,218439,71.0
983,Lion,2016,8.0,69,211111,80.0
984,Jason Bourne,2016,6.6,58,206681,66.0
985,Me Before You,2016,7.4,51,205740,74.0
986,Ghostbusters,2016,6.6,60,202811,66.0
987,Hell or High Water,2016,7.6,88,201861,76.0
988,Hidden Figures,2016,7.8,74,197720,78.0
989,Your Name.,2016,8.4,79,188628,84.0
990,Captain Fantastic,2016,7.9,72,186489,79.0
991,Assassin's Creed,2016,5.7,36,184125,57.0
992,The Magnificent Seven,2016,6.9,54,183670,69.0
993,The Secret Life of Pets,2016,6.5,61,181494,65.0
994,War Dogs,2016,7.1,57,175525,71.0
995,Sausage Party,2016,6.1,66,174350,61.0
996,The Promise,2016,6.0,49,172288,60.0
997,The Girl on the Train,2016,6.5,48,167614,65.0
998,Independence Day: Resurgence,2016,5.2,32,165715,52.0
999,The Legend of Tarzan,2016,6.2,44,162345,62.0
1000,Deadpool,2016,8.0,65,894617,80.0
1001,Captain America: Civil War,2016,7.8,75,655629,78.0
1002,Batman v Superman: Dawn of Justice,2016,6.4,44,619366,64.0
1003,Suicide Squad,2016,6.0,40,594842,60.0
1004,Doctor Strange,2016,7.5,72,590133,75.0
1005,Arrival,2016,7.9,81,586912,79.0
1006,Rogue One,2016,7.8,65,547859,78.0
1007,La La Land,2016,8.0,94,498063,80.0
1008,Hacksaw Ridge,2016,8.1,71,428874,81.0
1009,Zootropolis,2016,8.0,78,428655,80.0
1010,Split,2016,7.3,62,417880,73.0
1011,Fantastic Beasts and Where to Find Them,2016,7.3,66,406175,73.0
1012,X-Men: Apocalypse,2016,6.9,52,389795,69.0
1013,Passengers,2016,7.0,41,346130,70.0
1014,10 Cloverfield Lane,2016,7.2,76,287852,72.0
1015,The Nice Guys,2016,7.4,70,276190,74.0
1016,Moonlight,2016,7.4,99,269730,74.0
1017,Moana,2016,7.6,81,267826,76.0
1018,The Accountant,2016,7.3,51,257699,73.0
1019,The Jungle Book,2016,7.4,77,257358,74.0
1020,Now You See Me 2,2016,6.5,46,246071,65.0
1021,Manchester by the Sea,2016,7.8,96,243654,78.0
1022,Warcraft: The Beginning,2016,6.8,32,240270,68.0
1023,Finding Dory,2016,7.3,77,237578,73.0
1024,Nocturnal Animals,2016,7.5,67,234708,75.0
1025,Sully: Miracle on the Hudson,2016,7.4,74,234493,74.0
1026,Star Trek Beyond,2016,7.1,68,226069,71.0
1027,The Conjuring 2,2016,7.3,65,223127,73.0
1028,Don't Breathe,2016,7.1,71,218439,71.0
1029,Lion,2016,8.0,69,211111,80.0
1030,Jason Bourne,2016,6.6,58,206681,66.0
1031,Me Before You,2016,7.4,51,205740,74.0
1032,Ghostbusters,2016,6.6,60,202811,66.0
1033,Hell or High Water,2016,7.6,88,201861,76.0
1034,Hidden Figures,2016,7.8,74,197720,78.0
1035,Your Name.,2016,8.4,79,188628,84.0
1036,Captain Fantastic,2016,7.9,72,186489,79.0
1037,Assassin's Creed,2016,5.7,36,184125,57.0
1038,The Magnificent Seven,2016,6.9,54,183670,69.0
1039,The Secret Life of Pets,2016,6.5,61,181494,65.0
1040,War Dogs,2016,7.1,57,175525,71.0
1041,Sausage Party,2016,6.1,66,174350,61.0
1042,The Promise,2016,6.0,49,172288,60.0
1043,The Girl on the Train,2016,6.5,48,167614,65.0
1044,Independence Day: Resurgence,2016,5.2,32,165715,52.0
1045,The Legend of Tarzan,2016,6.2,44,162345,62.0
1046,Deadpool,2016,8.0,65,894617,80.0
1047,Captain America: Civil War,2016,7.8,75,655629,78.0
1048,Batman v Superman: Dawn of Justice,2016,6.4,44,619366,64.0
1049,Suicide Squad,2016,6.0,40,594842,60.0
1050,Doctor Strange,2016,7.5,72,590133,75.0
1051,Arrival,2016,7.9,81,586912,79.0
1052,Rogue One,2016,7.8,65,547859,78.0
1053,La La Land,2016,8.0,94,498063,80.0
1054,Hacksaw Ridge,2016,8.1,71,428874,81.0
1055,Zootropolis,2016,8.0,78,428655,80.0
1056,Split,2016,7.3,62,417880,73.0
1057,Fantastic Beasts and Where to Find Them,2016,7.3,66,406175,73.0
1058,X-Men: Apocalypse,2016,6.9,52,389795,69.0
1059,Passengers,2016,7.0,41,346130,70.0
1060,10 Cloverfield Lane,2016,7.2,76,287852,72.0
1061,The Nice Guys,2016,7.4,70,276190,74.0
1062,Moonlight,2016,7.4,99,269730,74.0
1063,Moana,2016,7.6,81,267826,76.0
1064,The Accountant,2016,7.3,51,257699,73.0
1065,The Jungle Book,2016,7.4,77,257358,74.0
1066,Now You See Me 2,2016,6.5,46,246071,65.0
1067,Manchester by the Sea,2016,7.8,96,243654,78.0
1068,Warcraft: The Beginning,2016,6.8,32,240270,68.0
1069,Finding Dory,2016,7.3,77,237578,73.0
1070,Nocturnal Animals,2016,7.5,67,234708,75.0
1071,Sully: Miracle on the Hudson,2016,7.4,74,234493,74.0
1072,Star Trek Beyond,2016,7.1,68,226069,71.0
1073,The Conjuring 2,2016,7.3,65,223127,73.0
1074,Don't Breathe,2016,7.1,71,218439,71.0
1075,Lion,2016,8.0,69,211111,80.0
1076,Jason Bourne,2016,6.6,58,206681,66.0
1077,Me Before You,2016,7.4,51,205740,74.0
1078,Ghostbusters,2016,6.6,60,202811,66.0
1079,Hell or High Water,2016,7.6,88,201861,76.0
1080,Hidden Figures,2016,7.8,74,197720,78.0
1081,Your Name.,2016,8.4,79,188628,84.0
1082,Captain Fantastic,2016,7.9,72,186489,79.0
1083,Assassin's Creed,2016,5.7,36,184125,57.0
1084,The Magnificent Seven,2016,6.9,54,183670,69.0
1085,The Secret Life of Pets,2016,6.5,61,181494,65.0
1086,War Dogs,2016,7.1,57,175525,71.0
1087,Sausage Party,2016,6.1,66,174350,61.0
1088,The Promise,2016,6.0,49,172288,60.0
1089,The Girl on the Train,2016,6.5,48,167614,65.0
1090,Independence Day: Resurgence,2016,5.2,32,165715,52.0
1091,The Legend of Tarzan,2016,6.2,44,162345,62.0
1092,Logan,2017,8.1,77,639990,81.0
1093,Thor: Ragnarok,2017,7.9,74,578127,79.0
1094,Guardians of the Galaxy: Vol. 2,2017,7.6,67,561797,76.0
1095,Star Wars: Episode VIII - The Last Jedi,2017,7.0,84,556970,70.0
1096,Dunkirk,2017,7.9,94,545823,79.0
1097,Wonder Woman,2017,7.4,76,544809,74.0
1098,Spider-Man: Homecoming,2017,7.4,73,504550,74.0
1099,Get Out,2017,7.7,85,485286,77.0
1100,It,2017,7.3,69,454631,73.0
1101,Blade Runner 2049,2017,8.0,81,453637,80.0
1102,Baby Driver,2017,7.6,86,432615,76.0
1103,"Three Billboards Outside Ebbing, Missouri",2017,8.2,88,423005,82.0
1104,Justice League,2017,6.3,45,378353,63.0
1105,Coco,2017,8.4,81,369126,84.0
1106,The Shape of Water,2017,7.3,87,365151,73.0
1107,John Wick: Chapter 2,2017,7.5,75,360707,75.0
1108,Jumanji: Welcome to the Jungle,2017,6.9,58,315444,69.0
1109,Beauty and the Beast,2017,7.1,65,270085,71.0
1110,Kingsman: The Golden Circle,2017,6.7,44,269401,67.0
1111,Kong: Skull Island,2017,6.6,62,265696,66.0
1112,Pirates of the Caribbean: Salazar's Revenge,2017,6.5,39,260066,65.0
1113,Alien: Covenant,2017,6.4,65,252088,64.0
1114,Lady Bird,2017,7.4,94,236716,74.0
1115,The Greatest Showman,2017,7.6,48,233423,76.0
1116,War for the Planet of the Apes,2017,7.4,82,225705,74.0
1117,Murder on the Orient Express,2017,6.5,52,210048,65.0
1118,Call Me by Your Name,2017,7.9,93,207293,79.0
1119,Life,2017,6.6,54,205666,66.0
1120,Fast & Furious 8,2017,6.7,56,202456,67.0
1121,Wind River,2017,7.7,73,200371,77.0
1122,Ghost in the Shell,2017,6.3,52,194331,63.0
1123,King Arthur: Legend of the Sword,2017,6.7,41,189999,67.0
1124,Mother!,2017,6.6,75,189013,66.0
1125,The Hitman's Bodyguard,2017,6.9,47,184585,69.0
1126,"I, Tonya",2017,7.5,77,178673,75.0
1127,Atomic Blonde,2017,6.7,63,174281,67.0
1128,The Mummy,2017,5.4,34,171535,54.0
1129,Darkest Hour,2017,7.4,75,169798,74.0
1130,Bright,2017,6.3,29,167148,63.0
1131,Valerian and the City of a Thousand Planets,2017,6.5,51,160525,65.0
1132,Baywatch,2017,5.5,37,158950,55.0
1133,American Made,2017,7.2,65,156879,72.0
1134,Logan,2017,8.1,77,639990,81.0
1135,Thor: Ragnarok,2017,7.9,74,578127,79.0
1136,Guardians of the Galaxy: Vol. 2,2017,7.6,67,561797,76.0
1137,Star Wars: Episode VIII - The Last Jedi,2017,7.0,84,556970,70.0
1138,Dunkirk,2017,7.9,94,545823,79.0
1139,Wonder Woman,2017,7.4,76,544809,74.0
1140,Spider-Man: Homecoming,2017,7.4,73,504550,74.0
1141,Get Out,2017,7.7,85,485286,77.0
1142,It,2017,7.3,69,454631,73.0
1143,Blade Runner 2049,2017,8.0,81,453637,80.0
1144,Baby Driver,2017,7.6,86,432615,76.0
1145,"Three Billboards Outside Ebbing, Missouri",2017,8.2,88,423005,82.0
1146,Justice League,2017,6.3,45,378353,63.0
1147,Coco,2017,8.4,81,369126,84.0
1148,The Shape of Water,2017,7.3,87,365151,73.0
1149,John Wick: Chapter 2,2017,7.5,75,360707,75.0
1150,Jumanji: Welcome to the Jungle,2017,6.9,58,315444,69.0
1151,Beauty and the Beast,2017,7.1,65,270085,71.0
1152,Kingsman: The Golden Circle,2017,6.7,44,269401,67.0
1153,Kong: Skull Island,2017,6.6,62,265696,66.0
1154,Pirates of the Caribbean: Salazar's Revenge,2017,6.5,39,260066,65.0
1155,Alien: Covenant,2017,6.4,65,252088,64.0
1156,Lady Bird,2017,7.4,94,236716,74.0
1157,The Greatest Showman,2017,7.6,48,233423,76.0
1158,War for the Planet of the Apes,2017,7.4,82,225705,74.0
1159,Murder on the Orient Express,2017,6.5,52,210048,65.0
1160,Call Me by Your Name,2017,7.9,93,207293,79.0
1161,Life,2017,6.6,54,205666,66.0
1162,Fast & Furious 8,2017,6.7,56,202456,67.0
1163,Wind River,2017,7.7,73,200371,77.0
1164,Ghost in the Shell,2017,6.3,52,194331,63.0
1165,King Arthur: Legend of the Sword,2017,6.7,41,189999,67.0
1166,Mother!,2017,6.6,75,189013,66.0
1167,The Hitman's Bodyguard,2017,6.9,47,184585,69.0
1168,"I, Tonya",2017,7.5,77,178673,75.0
1169,Atomic Blonde,2017,6.7,63,174281,67.0
1170,The Mummy,2017,5.4,34,171535,54.0
1171,Darkest Hour,2017,7.4,75,169798,74.0
1172,Bright,2017,6.3,29,167148,63.0
1173,Valerian and the City of a Thousand Planets,2017,6.5,51,160525,65.0
1174,Baywatch,2017,5.5,37,158950,55.0
1175,American Made,2017,7.2,65,156879,72.0
1176,Logan,2017,8.1,77,639990,81.0
1177,Thor: Ragnarok,2017,7.9,74,578127,79.0
1178,Guardians of the Galaxy: Vol. 2,2017,7.6,67,561797,76.0
1179,Star Wars: Episode VIII - The Last Jedi,2017,7.0,84,556970,70.0
1180,Dunkirk,2017,7.9,94,545823,79.0
1181,Wonder Woman,2017,7.4,76,544809,74.0
1182,Spider-Man: Homecoming,2017,7.4,73,504550,74.0
1183,Get Out,2017,7.7,85,485286,77.0
1184,It,2017,7.3,69,454631,73.0
1185,Blade Runner 2049,2017,8.0,81,453637,80.0
1186,Baby Driver,2017,7.6,86,432615,76.0
1187,"Three Billboards Outside Ebbing, Missouri",2017,8.2,88,423005,82.0
1188,Justice League,2017,6.3,45,378353,63.0
1189,Coco,2017,8.4,81,369126,84.0
1190,The Shape of Water,2017,7.3,87,365151,73.0
1191,John Wick: Chapter 2,2017,7.5,75,360707,75.0
1192,Jumanji: Welcome to the Jungle,2017,6.9,58,315444,69.0
1193,Beauty and the Beast,2017,7.1,65,270085,71.0
1194,Kingsman: The Golden Circle,2017,6.7,44,269401,67.0
1195,Kong: Skull Island,2017,6.6,62,265696,66.0
1196,Pirates of the Caribbean: Salazar's Revenge,2017,6.5,39,260066,65.0
1197,Alien: Covenant,2017,6.4,65,252088,64.0
1198,Lady Bird,2017,7.4,94,236716,74.0
1199,The Greatest Showman,2017,7.6,48,233423,76.0
1200,War for the Planet of the Apes,2017,7.4,82,225705,74.0
1201,Murder on the Orient Express,2017,6.5,52,210048,65.0
1202,Call Me by Your Name,2017,7.9,93,207293,79.0
1203,Life,2017,6.6,54,205666,66.0
1204,Fast & Furious 8,2017,6.7,56,202456,67.0
1205,Wind River,2017,7.7,73,200371,77.0
1206,Ghost in the Shell,2017,6.3,52,194331,63.0
1207,King Arthur: Legend of the Sword,2017,6.7,41,189999,67.0
1208,Mother!,2017,6.6,75,189013,66.0
1209,The Hitman's Bodyguard,2017,6.9,47,184585,69.0
1210,"I, Tonya",2017,7.5,77,178673,75.0
1211,Atomic Blonde,2017,6.7,63,174281,67.0
1212,The Mummy,2017,5.4,34,171535,54.0
1213,Darkest Hour,2017,7.4,75,169798,74.0
1214,Bright,2017,6.3,29,167148,63.0
1215,Valerian and the City of a Thousand Planets,2017,6.5,51,160525,65.0
1216,Baywatch,2017,5.5,37,158950,55.0
1217,American Made,2017,7.2,65,156879,72.0
1218,Logan,2017,8.1,77,639990,81.0
1219,Thor: Ragnarok,2017,7.9,74,578127,79.0
1220,Guardians of the Galaxy: Vol. 2,2017,7.6,67,561797,76.0
1221,Star Wars: Episode VIII - The Last Jedi,2017,7.0,84,556970,70.0
1222,Dunkirk,2017,7.9,94,545823,79.0
1223,Wonder Woman,2017,7.4,76,544809,74.0
1224,Spider-Man: Homecoming,2017,7.4,73,504550,74.0
1225,Get Out,2017,7.7,85,485286,77.0
1226,It,2017,7.3,69,454631,73.0
1227,Blade Runner 2049,2017,8.0,81,453637,80.0
1228,Baby Driver,2017,7.6,86,432615,76.0
1229,"Three Billboards Outside Ebbing, Missouri",2017,8.2,88,423005,82.0
1230,Justice League,2017,6.3,45,378353,63.0
1231,Coco,2017,8.4,81,369126,84.0
1232,The Shape of Water,2017,7.3,87,365151,73.0
1233,John Wick: Chapter 2,2017,7.5,75,360707,75.0
1234,Jumanji: Welcome to the Jungle,2017,6.9,58,315444,69.0
1235,Beauty and the Beast,2017,7.1,65,270085,71.0
1236,Kingsman: The Golden Circle,2017,6.7,44,269401,67.0
1237,Kong: Skull Island,2017,6.6,62,265696,66.0
1238,Pirates of the Caribbean: Salazar's Revenge,2017,6.5,39,260066,65.0
1239,Alien: Covenant,2017,6.4,65,252088,64.0
1240,Lady Bird,2017,7.4,94,236716,74.0
1241,The Greatest Showman,2017,7.6,48,233423,76.0
1242,War for the Planet of the Apes,2017,7.4,82,225705,74.0
1243,Murder on the Orient Express,2017,6.5,52,210048,65.0
1244,Call Me by Your Name,2017,7.9,93,207293,79.0
1245,Life,2017,6.6,54,205666,66.0
1246,Fast & Furious 8,2017,6.7,56,202456,67.0
1247,Wind River,2017,7.7,73,200371,77.0
1248,Ghost in the Shell,2017,6.3,52,194331,63.0
1249,King Arthur: Legend of the Sword,2017,6.7,41,189999,67.0
1250,Mother!,2017,6.6,75,189013,66.0
1251,The Hitman's Bodyguard,2017,6.9,47,184585,69.0
1252,"I, Tonya",2017,7.5,77,178673,75.0
1253,Atomic Blonde,2017,6.7,63,174281,67.0
1254,The Mummy,2017,5.4,34,171535,54.0
1255,Darkest Hour,2017,7.4,75,169798,74.0
1256,Bright,2017,6.3,29,167148,63.0
1257,Valerian and the City of a Thousand Planets,2017,6.5,51,160525,65.0
1258,Baywatch,2017,5.5,37,158950,55.0
1259,American Made,2017,7.2,65,156879,72.0
1260,Avengers: Infinity War,2018,8.4,68,818595,84.0
1261,Black Panther,2018,7.3,88,617350,73.0
1262,Deadpool 2,2018,7.7,66,471710,77.0
1263,Bohemian Rhapsody,2018,8.0,49,443239,80.0
1264,A Quiet Place,2018,7.5,82,402394,75.0
1265,Aquaman,2018,6.9,55,363034,69.0
1266,Ready Player One,2018,7.5,64,362973,75.0
1267,Spider-Man: Into the Spider-Verse,2018,8.4,87,361940,84.0
1268,Green Book,2018,8.2,69,361339,82.0
1269,Venom,2018,6.7,35,355162,67.0
1270,A Star Is Born,2018,7.6,88,328213,76.0
1271,Ant-Man and the Wasp,2018,7.1,70,303589,71.0
1272,Mission: Impossible - Fallout,2018,7.7,86,287548,77.0
1273,Solo: A Star Wars Story,2018,6.9,62,285770,69.0
1274,Annihilation,2018,6.8,79,277524,68.0
1275,Bird Box,2018,6.6,51,274850,66.0
1276,Jurassic World: Fallen Kingdom,2018,6.2,51,262870,62.0
1277,The Incredibles 2,2018,7.6,80,245403,76.0
1278,Hereditary,2018,7.3,87,235197,73.0
1279,Fantastic Beasts: The Crimes of Grindelwald,2018,6.6,52,218473,66.0
1280,BlacKkKlansman,2018,7.5,83,217870,75.0
1281,Game Night,2018,6.9,66,204172,69.0
1282,Tomb Raider,2018,6.3,48,188794,63.0
1283,Ocean's Eight,2018,6.9,61,182849,69.0
1284,The Favourite,2018,7.5,91,169038,75.0
1285,First Man,2018,7.3,84,165557,73.0
1286,Red Sparrow,2018,6.6,53,163491,66.0
1287,Upgrade,2018,7.5,67,155990,75.0
1288,The Meg,2018,5.6,46,147940,56.0
1289,Rampage,2018,6.1,45,141706,61.0
1290,Crazy Rich Asians,2018,6.9,74,138867,69.0
1291,Searching,2018,7.6,71,138227,76.0
1292,Roma,2018,7.7,96,138161,77.0
1293,Isle of Dogs,2018,7.9,82,136444,79.0
1294,Bumblebee,2018,6.8,66,136060,68.0
1295,The Equalizer 2,2018,6.7,50,130638,67.0
1296,Ralph Breaks the Internet,2018,7.1,71,128607,71.0
1297,Bad Times at the El Royale,2018,7.1,60,126785,71.0
1298,A Simple Favour,2018,6.8,67,126018,68.0
1299,Sicario: Day of the Soldado,2018,7.1,61,123355,71.0
1300,Halloween,2018,6.5,67,119792,65.0
1301,The Ballad of Buster Scruggs,2018,7.3,79,119673,73.0
1302,Vice,2018,7.2,61,118804,72.0
1303,The Nun,2018,5.3,46,116842,53.0
1304,The Predator,2018,5.3,48,115203,53.0
1305,Tag,2018,6.5,56,112121,65.0
1306,Avengers: Infinity War,2018,8.4,68,818595,84.0
1307,Black Panther,2018,7.3,88,617350,73.0
1308,Deadpool 2,2018,7.7,66,471710,77.0
1309,Bohemian Rhapsody,2018,8.0,49,443239,80.0
1310,A Quiet Place,2018,7.5,82,402394,75.0
1311,Aquaman,2018,6.9,55,363034,69.0
1312,Ready Player One,2018,7.5,64,362973,75.0
1313,Spider-Man: Into the Spider-Verse,2018,8.4,87,361940,84.0
1314,Green Book,2018,8.2,69,361339,82.0
1315,Venom,2018,6.7,35,355162,67.0
1316,A Star Is Born,2018,7.6,88,328213,76.0
1317,Ant-Man and the Wasp,2018,7.1,70,303589,71.0
1318,Mission: Impossible - Fallout,2018,7.7,86,287548,77.0
1319,Solo: A Star Wars Story,2018,6.9,62,285770,69.0
1320,Annihilation,2018,6.8,79,277524,68.0
1321,Bird Box,2018,6.6,51,274850,66.0
1322,Jurassic World: Fallen Kingdom,2018,6.2,51,262870,62.0
1323,The Incredibles 2,2018,7.6,80,245403,76.0
1324,Hereditary,2018,7.3,87,235197,73.0
1325,Fantastic Beasts: The Crimes of Grindelwald,2018,6.6,52,218473,66.0
1326,BlacKkKlansman,2018,7.5,83,217870,75.0
1327,Game Night,2018,6.9,66,204172,69.0
1328,Tomb Raider,2018,6.3,48,188794,63.0
1329,Ocean's Eight,2018,6.9,61,182849,69.0
1330,The Favourite,2018,7.5,91,169038,75.0
1331,First Man,2018,7.3,84,165557,73.0
1332,Red Sparrow,2018,6.6,53,163491,66.0
1333,Upgrade,2018,7.5,67,155990,75.0
1334,The Meg,2018,5.6,46,147940,56.0
1335,Rampage,2018,6.1,45,141706,61.0
1336,Crazy Rich Asians,2018,6.9,74,138867,69.0
1337,Searching,2018,7.6,71,138227,76.0
1338,Roma,2018,7.7,96,138161,77.0
1339,Isle of Dogs,2018,7.9,82,136444,79.0
1340,Bumblebee,2018,6.8,66,136060,68.0
1341,The Equalizer 2,2018,6.7,50,130638,67.0
1342,Ralph Breaks the Internet,2018,7.1,71,128607,71.0
1343,Bad Times at the El Royale,2018,7.1,60,126785,71.0
1344,A Simple Favour,2018,6.8,67,126018,68.0
1345,Sicario: Day of the Soldado,2018,7.1,61,123355,71.0
1346,Halloween,2018,6.5,67,119792,65.0
1347,The Ballad of Buster Scruggs,2018,7.3,79,119673,73.0
1348,Vice,2018,7.2,61,118804,72.0
1349,The Nun,2018,5.3,46,116842,53.0
1350,The Predator,2018,5.3,48,115203,53.0
1351,Tag,2018,6.5,56,112121,65.0
1352,Avengers: Infinity War,2018,8.4,68,818595,84.0
1353,Black Panther,2018,7.3,88,617350,73.0
1354,Deadpool 2,2018,7.7,66,471710,77.0
1355,Bohemian Rhapsody,2018,8.0,49,443239,80.0
1356,A Quiet Place,2018,7.5,82,402394,75.0
1357,Aquaman,2018,6.9,55,363034,69.0
1358,Ready Player One,2018,7.5,64,362973,75.0
1359,Spider-Man: Into the Spider-Verse,2018,8.4,87,361940,84.0
1360,Green Book,2018,8.2,69,361339,82.0
1361,Venom,2018,6.7,35,355162,67.0
1362,A Star Is Born,2018,7.6,88,328213,76.0
1363,Ant-Man and the Wasp,2018,7.1,70,303589,71.0
1364,Mission: Impossible - Fallout,2018,7.7,86,287548,77.0
1365,Solo: A Star Wars Story,2018,6.9,62,285770,69.0
1366,Annihilation,2018,6.8,79,277524,68.0
1367,Bird Box,2018,6.6,51,274850,66.0
1368,Jurassic World: Fallen Kingdom,2018,6.2,51,262870,62.0
1369,The Incredibles 2,2018,7.6,80,245403,76.0
1370,Hereditary,2018,7.3,87,235197,73.0
1371,Fantastic Beasts: The Crimes of Grindelwald,2018,6.6,52,218473,66.0
1372,BlacKkKlansman,2018,7.5,83,217870,75.0
1373,Game Night,2018,6.9,66,204172,69.0
1374,Tomb Raider,2018,6.3,48,188794,63.0
1375,Ocean's Eight,2018,6.9,61,182849,69.0
1376,The Favourite,2018,7.5,91,169038,75.0
1377,First Man,2018,7.3,84,165557,73.0
1378,Red Sparrow,2018,6.6,53,163491,66.0
1379,Upgrade,2018,7.5,67,155990,75.0
1380,The Meg,2018,5.6,46,147940,56.0
1381,Rampage,2018,6.1,45,141706,61.0
1382,Crazy Rich Asians,2018,6.9,74,138867,69.0
1383,Searching,2018,7.6,71,138227,76.0
1384,Roma,2018,7.7,96,138161,77.0
1385,Isle of Dogs,2018,7.9,82,136444,79.0
1386,Bumblebee,2018,6.8,66,136060,68.0
1387,The Equalizer 2,2018,6.7,50,130638,67.0
1388,Ralph Breaks the Internet,2018,7.1,71,128607,71.0
1389,Bad Times at the El Royale,2018,7.1,60,126785,71.0
1390,A Simple Favour,2018,6.8,67,126018,68.0
1391,Sicario: Day of the Soldado,2018,7.1,61,123355,71.0
1392,Halloween,2018,6.5,67,119792,65.0
1393,The Ballad of Buster Scruggs,2018,7.3,79,119673,73.0
1394,Vice,2018,7.2,61,118804,72.0
1395,The Nun,2018,5.3,46,116842,53.0
1396,The Predator,2018,5.3,48,115203,53.0
1397,Tag,2018,6.5,56,112121,65.0
1398,Avengers: Infinity War,2018,8.4,68,818595,84.0
1399,Black Panther,2018,7.3,88,617350,73.0
1400,Deadpool 2,2018,7.7,66,471710,77.0
1401,Bohemian Rhapsody,2018,8.0,49,443239,80.0
1402,A Quiet Place,2018,7.5,82,402394,75.0
1403,Aquaman,2018,6.9,55,363034,69.0
1404,Ready Player One,2018,7.5,64,362973,75.0
1405,Spider-Man: Into the Spider-Verse,2018,8.4,87,361940,84.0
1406,Green Book,2018,8.2,69,361339,82.0
1407,Venom,2018,6.7,35,355162,67.0
1408,A Star Is Born,2018,7.6,88,328213,76.0
1409,Ant-Man and the Wasp,2018,7.1,70,303589,71.0
1410,Mission: Impossible - Fallout,2018,7.7,86,287548,77.0
1411,Solo: A Star Wars Story,2018,6.9,62,285770,69.0
1412,Annihilation,2018,6.8,79,277524,68.0
1413,Bird Box,2018,6.6,51,274850,66.0
1414,Jurassic World: Fallen Kingdom,2018,6.2,51,262870,62.0
1415,The Incredibles 2,2018,7.6,80,245403,76.0
1416,Hereditary,2018,7.3,87,235197,73.0
1417,Fantastic Beasts: The Crimes of Grindelwald,2018,6.6,52,218473,66.0
1418,BlacKkKlansman,2018,7.5,83,217870,75.0
1419,Game Night,2018,6.9,66,204172,69.0
1420,Tomb Raider,2018,6.3,48,188794,63.0
1421,Ocean's Eight,2018,6.9,61,182849,69.0
1422,The Favourite,2018,7.5,91,169038,75.0
1423,First Man,2018,7.3,84,165557,73.0
1424,Red Sparrow,2018,6.6,53,163491,66.0
1425,Upgrade,2018,7.5,67,155990,75.0
1426,The Meg,2018,5.6,46,147940,56.0
1427,Rampage,2018,6.1,45,141706,61.0
1428,Crazy Rich Asians,2018,6.9,74,138867,69.0
1429,Searching,2018,7.6,71,138227,76.0
1430,Roma,2018,7.7,96,138161,77.0
1431,Isle of Dogs,2018,7.9,82,136444,79.0
1432,Bumblebee,2018,6.8,66,136060,68.0
1433,The Equalizer 2,2018,6.7,50,130638,67.0
1434,Ralph Breaks the Internet,2018,7.1,71,128607,71.0
1435,Bad Times at the El Royale,2018,7.1,60,126785,71.0
1436,A Simple Favour,2018,6.8,67,126018,68.0
1437,Sicario: Day of the Soldado,2018,7.1,61,123355,71.0
1438,Halloween,2018,6.5,67,119792,65.0
1439,The Ballad of Buster Scruggs,2018,7.3,79,119673,73.0
1440,Vice,2018,7.2,61,118804,72.0
1441,The Nun,2018,5.3,46,116842,53.0
1442,The Predator,2018,5.3,48,115203,53.0
1443,Tag,2018,6.5,56,112121,65.0
